nodes,mems
10,97.666015625
20,332.0644531
30,527.3964844
40,722.7285156
50,937.59375
60,1142.692383
70,1328.257813
80,1513.823242
90,1718.921875
100,1943.553711
